lga_code,lga_name,longitude,latitude,pop_65_plus,percent_65_plus
10050,Albury,146.970535,-36.026504,11682,20.0
10180,Armidale,151.899114,-30.367379,5644,19.0
10250,Ballina,153.486129,-28.852866,12887,26.9
10300,Balranald,143.611641,-33.950345,510,23.0
10470,Bathurst,149.525633,-33.430124,8483,18.9
10500,Bayside (NSW),151.16714,-33.949489,26395,14.2
10550,Bega Valley,149.717602,-36.825883,11203,30.6
10600,Bellingen,152.728584,-30.403796,3862,29.1
10650,Berrigan,145.711189,-35.734298,2938,33.9
10750,Blacktown,150.86408,-33.740916,48458,11.0
10800,Bland,146.96128,-33.894329,1265,23.2
10850,Blayney,149.142068,-33.594325,1615,20.8
10900,Blue Mountains,150.411147,-33.697525,18507,23.5
10950,Bogan,146.866879,-31.538102,489,20.3
11150,Bourke,145.356813,-29.910566,367,15.6
11200,Brewarrina,146.960897,-29.791575,250,17.8
11250,Broken Hill,141.479278,-31.944027,4157,23.7
11300,Burwood,151.103167,-33.883673,6233,14.4
11350,Byron,153.482521,-28.604143,7250,19.2
11400,Cabonne,148.754118,-33.152984,3106,22.4
11450,Camden,150.724173,-34.008815,13569,9.6
11500,Campbelltown (NSW),150.845859,-34.083398,25534,13.6
11520,Canada Bay,151.114851,-33.853485,15655,17.0
11570,Canterbury-Bankstown,151.037364,-33.923492,58427,15.2
11600,Carrathool,145.496434,-33.608976,439,15.9
11650,Central Coast (NSW),151.285574,-33.30787,79680,22.5
11700,Central Darling,143.5897,-31.850679,392,22.2
11720,Cessnock,151.224895,-32.92505,11733,16.9
11730,Clarence Valley,152.751155,-29.681721,15739,28.1
11750,Cobar,145.482858,-31.867969,739,18.4
11800,Coffs Harbour,153.039806,-30.189015,19193,23.6
12000,Coolamon,147.104839,-34.632515,1076,23.3
12150,Coonamble,148.291612,-30.87054,738,19.1
12160,Cootamundra-Gundagai,148.094131,-34.852964,3422,30.0
12350,Cowra,148.717958,-33.796375,3344,26.4
12380,Cumberland,150.986504,-33.842141,31023,12.3
12390,Dubbo,148.854416,-32.424702,9970,17.5
12700,Dungog,151.60828,-32.349538,2284,23.1
12730,Edward River,144.941473,-35.17253,2162,25.7
12750,Eurobodalla,149.946978,-35.945069,13896,33.8
12850,Fairfield,150.89544,-33.865632,37865,17.8
12870,Federation,146.271363,-35.497011,4011,30.7
12900,Forbes,147.867223,-33.421617,2119,22.8
12930,Georges River,151.08646,-33.970993,27989,17.3
12950,Gilgandra,148.690741,-31.619018,1073,24.9
13010,Glen Innes Severn,151.903053,-29.64497,2706,30.1
13310,Goulburn Mulwaree,149.813493,-34.876025,6973,21.1
13340,Greater Hume,147.171818,-35.750256,2636,22.8
13450,Griffith,146.003585,-34.300404,4673,17.1
13550,Gunnedah,150.188889,-31.046544,2550,19.0
13660,Gwydir,150.516813,-29.593451,1435,29.3
13800,Hawkesbury,150.773261,-33.334753,11788,17.2
13850,Hay,144.683723,-34.315843,716,25.0
13910,Hilltops,148.500965,-34.351993,4661,24.2
14000,Hornsby,151.089176,-33.584031,28491,18.4
14100,Hunters Hill,151.145195,-33.833247,3202,22.8
14170,Inner West,151.154832,-33.891581,25816,13.5
14220,Inverell,151.075182,-29.41884,4203,23.2
14300,Junee,147.668881,-34.81719,1368,21.2
14350,Kempsey,152.644744,-30.95154,8500,26.8
14400,Kiama,150.756252,-34.678878,6731,29.0
14500,Ku-ring-gai,151.150934,-33.734627,24816,19.3
14550,Kyogle,152.7756,-28.617758,2761,28.8
14600,Lachlan,146.989716,-32.920092,1353,22.1
14650,Lake Macquarie,151.525062,-33.033982,48635,21.9
14700,Lane Cove,151.166881,-33.819968,6160,14.5
14750,Leeton,146.302086,-34.532362,2132,18.6
14850,Lismore,153.27067,-28.756142,9580,21.9
14870,Lithgow,150.178968,-33.277656,5326,25.7
14900,Liverpool,150.825246,-33.935952,30059,11.8
14920,Liverpool Plains,150.438422,-31.550609,1981,25.8
14950,Lockhart,146.775436,-35.331252,849,24.4
15050,Maitland,151.549736,-32.710793,15356,15.6
15240,Mid-Coast,152.095706,-32.015171,33753,34.2
15270,Mid-Western,149.742421,-32.593784,5543,21.1
15300,Moree Plains,149.628861,-29.253016,2195,17.1
15350,Mosman,151.244569,-33.828999,6399,21.9
15520,Murray River,144.211652,-35.324682,4071,30.0
15560,Murrumbidgee,145.729365,-34.949712,851,23.3
15650,Muswellbrook,150.630304,-32.439908,2645,15.7
15700,Nambucca Valley,152.768957,-30.687545,6541,31.2
15750,Narrabri,149.564887,-30.356489,2622,20.5
15800,Narrandera,146.579686,-34.61124,1369,24.1
15850,Narromine,148.065553,-32.226078,1443,22.4
15900,Newcastle,151.693729,-32.879665,29142,16.5
15950,North Sydney,151.211864,-33.832911,12471,17.1
15990,Northern Beaches,151.249609,-33.690389,49218,18.2
16100,Oberon,149.811397,-33.883274,1431,25.5
16150,Orange,149.12038,-33.32466,8022,18.0
16200,Parkes,147.961426,-32.880991,3034,21.3
16260,Parramatta,151.02934,-33.799314,34978,12.7
16350,Penrith,150.718071,-33.765366,31000,13.6
16380,Port Macquarie-Hastings,152.531216,-31.409753,26723,29.4
16400,Port Stephens,151.844071,-32.721804,21328,27.0
16490,Queanbeyan-Palerang,149.627192,-35.422742,9157,13.7
16550,Randwick,151.24025,-33.943245,20801,14.4
16610,Richmond Valley,153.046291,-29.059618,6147,25.7
16700,Ryde,151.11055,-33.799169,20478,14.7
16900,Shellharbour,150.77381,-34.582688,15115,18.5
16950,Shoalhaven,150.373314,-35.094356,31781,28.7
17000,Singleton,150.964534,-32.660362,3998,15.6
17040,Snowy Monaro,148.958877,-36.396455,4535,20.3
17080,Snowy Valleys,148.249212,-35.73375,3662,24.5
17100,Strathfield,151.076456,-33.880433,5695,11.7
17150,Sutherland,151.051039,-34.075122,45903,19.2
17200,Sydney,151.202855,-33.889402,21524,9.1
17310,Tamworth,150.907068,-30.892502,13112,19.9
17350,Temora,147.483679,-34.387915,1668,27.7
17400,Tenterfield,152.086414,-28.94381,2424,34.2
17420,The Hills,150.962027,-33.588232,31380,14.6
17550,Tweed,153.356321,-28.35995,26951,27.0
17620,Upper Hunter,150.726529,-31.969243,3187,22.1
17640,Upper Lachlan,149.45567,-34.417721,2286,25.8
17650,Uralla,151.312346,-30.507662,1402,23.0
17750,Wagga Wagga,147.366365,-35.196615,11718,17.0
17850,Walcha,151.784536,-31.163879,911,30.5
17900,Walgett,148.194468,-29.81666,1262,23.0
17950,Warren,147.679855,-31.325641,644,24.8
18020,Warrumbungle,149.405396,-31.462794,2703,29.3
18050,Waverley,151.266865,-33.890038,8955,12.3
18100,Weddin,148.011263,-33.871893,1117,31.0
18200,Wentworth,142.242911,-33.570188,1711,21.9
18250,Willoughby,151.196343,-33.80108,12353,15.5
18350,Wingecarribee,150.356258,-34.476912,15120,28.2
18400,Wollondilly,150.443786,-34.101915,9074,15.2
18450,Wollongong,150.837107,-34.368797,41065,18.5
18500,Woollahra,151.257412,-33.871679,11113,20.1
18710,Yass Valley,148.885,-34.954163,3333,18.9
19399,Unincorporated NSW,142.211451,-30.656753,193,19.6
20110,Alpine,146.976096,-36.854408,3628,27.5
20260,Ararat,142.843207,-37.472682,2965,25.4
20570,Ballarat,143.781476,-37.49284,22883,18.9
20660,Banyule,145.085135,-37.730425,24705,18.7
20740,Bass Coast,145.599731,-38.509497,13452,30.9
20830,Baw Baw,146.131641,-37.983831,13615,22.0
20910,Bayside (Vic.),145.018109,-37.941823,22811,21.5
21010,Benalla,146.02376,-36.586993,4467,30.5
21110,Boroondara,145.063128,-37.819291,32084,18.0
21180,Brimbank,144.803316,-37.74749,33801,17.1
21270,Buloke,143.004851,-35.912447,1833,30.8
21370,Campaspe,144.716414,-36.345151,9914,26.0
21450,Cardinia,145.572709,-38.083013,16602,12.7
21610,Casey,145.309027,-38.104303,44826,11.1
21670,Central Goldfields,143.713842,-37.007154,4310,31.5
21750,Colac Otway,143.59518,-38.451932,5597,25.1
21830,Corangamite,143.19863,-38.204337,4207,26.5
21890,Darebin,145.014363,-37.733415,22341,14.0
22110,East Gippsland,148.291697,-37.378021,15922,32.2
22170,Frankston,145.173804,-38.134594,24235,16.8
22250,Gannawarra,143.80397,-35.751515,3307,31.8
22310,Glen Eira,145.042593,-37.901163,25389,15.8
22410,Glenelg,141.385716,-37.870477,5522,27.6
22490,Golden Plains,143.842495,-37.88205,4359,16.6
22620,Greater Bendigo,144.422654,-36.734429,25627,20.4
22670,Greater Dandenong,145.190001,-38.005567,26216,15.7
22750,Greater Geelong,144.417169,-38.068963,57077,19.7
22830,Greater Shepparton,145.386225,-36.396995,13866,19.8
22910,Hepburn,144.057565,-37.316918,5002,29.7
22980,Hindmarsh,141.752568,-36.051501,1596,29.2
23110,Hobsons Bay,144.829805,-37.854722,15683,16.4
23190,Horsham,142.090454,-36.825734,4503,22.1
23270,Hume,144.824527,-37.589144,29688,10.9
23350,Indigo,146.722943,-36.225481,4414,24.8
23430,Kingston (Vic.),145.105062,-37.988565,30939,18.6
23670,Knox,145.258689,-37.888974,30083,18.4
23810,Latrobe (Vic.),146.438121,-38.274574,17047,21.6
23940,Loddon,143.867149,-36.36389,2410,31.1
24130,Macedon Ranges,144.61663,-37.335663,10855,20.2
24210,Manningham,145.188561,-37.761574,28633,21.7
24250,Mansfield,146.210249,-37.199509,2983,27.7
24330,Maribyrnong,144.87775,-37.795286,10003,10.6
24410,Maroondah,145.26526,-37.804876,21246,17.8
24600,Melbourne,144.943813,-37.810647,11781,6.2
24650,Melton,144.625962,-37.692975,19266,8.8
24700,Merri-bek,144.948911,-37.729942,22922,12.3
24780,Mildura,141.68289,-34.869212,11666,20.2
24850,Mitchell,145.001619,-37.137502,8290,14.7
24900,Moira,145.550342,-36.061883,8818,28.6
24970,Monash,145.144018,-37.897106,34797,16.6
25060,Moonee Valley,144.895758,-37.749515,22154,17.1
25150,Moorabool,144.21564,-37.632756,6960,17.5
25340,Mornington Peninsula,145.03529,-38.341676,48518,28.3
25430,Mount Alexander,144.192947,-37.05078,6259,30.1
25490,Moyne,142.490051,-38.122435,4082,23.0
25620,Murrindindi,145.630114,-37.310982,4318,27.7
25710,Nillumbik,145.236806,-37.622893,11575,18.2
25810,Northern Grampians,142.919652,-36.844624,3277,27.8
25900,Port Phillip,144.965998,-37.851936,15273,13.6
25990,Pyrenees,143.375042,-37.316452,2241,28.2
26080,Queenscliffe,144.630069,-38.272815,1627,49.3
26170,South Gippsland,146.075971,-38.62135,8672,28.0
26260,Southern Grampians,142.033101,-37.536522,4455,27.0
26350,Stonnington,145.033656,-37.857927,18461,16.2
26430,Strathbogie,145.434931,-36.760317,3843,32.7
26490,Surf Coast,144.053146,-38.312294,8363,20.9
26610,Swan Hill,143.125514,-35.120196,4175,19.8
26670,Towong,147.59888,-36.354412,1888,30.3
26700,Wangaratta,146.428394,-36.588274,7511,24.9
26730,Warrnambool,142.511846,-38.371444,7892,21.8
26810,Wellington,146.922126,-37.886423,11428,24.6
26890,West Wimmera,141.279359,-36.675561,1128,28.8
26980,Whitehorse,145.15512,-37.830244,32395,17.7
27070,Whittlesea,145.077667,-37.547215,32453,12.8
27170,Wodonga,146.882587,-36.150485,8255,18.4
27260,Wyndham,144.61825,-37.88662,25753,7.6
27350,Yarra,144.998558,-37.802232,11364,11.3
27450,Yarra Ranges,145.697053,-37.714261,29484,18.4
27630,Yarriambiack,142.419015,-35.990052,1932,30.4
29399,Unincorporated Vic,145.364851,-38.349943,116,12.0
30250,Aurukun,141.827911,-13.614597,71,6.1
30300,Balonne,148.11616,-28.315896,753,17.3
30370,Banana,149.938721,-24.935144,2510,16.7
30410,Barcaldine,145.69342,-23.113668,588,20.2
30450,Barcoo,142.267474,-25.131052,41,12.9
30760,Blackall Tambo,145.791268,-24.785618,515,26.2
30900,Boulia,139.246444,-22.480434,81,16.9
31000,Brisbane,152.921601,-27.439499,179387,13.2
31750,Bulloo,142.594853,-28.021278,59,17.0
31820,Bundaberg,152.035783,-24.967804,28324,26.7
31900,Burdekin,147.243106,-19.823584,4253,24.7
31950,Burke,138.940112,-18.019326,70,15.8
32080,Cairns,145.818528,-17.160638,29007,16.3
32250,Carpentaria,141.364758,-17.444399,281,12.6
32260,Cassowary Coast,145.894248,-17.919401,7408,24.4
32270,Central Highlands (Qld),148.42073,-24.031867,3159,10.8
32310,Charters Towers,145.788212,-20.148852,2676,22.2
32330,Cherbourg,151.935961,-26.288767,109,8.5
32450,Cloncurry,140.264768,-20.817703,440,11.3
32500,Cook,143.25887,-14.236125,905,18.8
32600,Croydon,142.216798,-18.554079,37,13.7
32750,Diamantina,139.731994,-24.630244,42,15.5
32770,Doomadgee,138.743788,-17.710156,84,5.7
32810,Douglas,145.286625,-16.221994,2793,21.4
33100,Etheridge,143.660417,-18.504611,183,25.2
33200,Flinders (Qld),144.321738,-20.973868,314,20.2
33220,Fraser Coast,152.531619,-25.610276,37286,30.9
33360,Gladstone,151.315525,-24.210666,10359,15.2
33430,Gold Coast,153.315738,-27.984881,120431,17.7
33610,Goondiwindi,150.339892,-28.37367,2147,20.5
33620,Gympie,152.463537,-26.147079,14986,26.1
33800,Hinchinbrook,146.044906,-18.662247,3317,29.7
33830,Hope Vale,145.191459,-15.169426,85,8.1
33960,Ipswich,152.667487,-27.665601,29862,11.5
33980,Isaac,147.889541,-22.238645,1783,7.7
34420,Kowanyama,141.810566,-15.319532,79,6.9
34530,Livingstone,150.192315,-22.807951,9169,21.4
34570,Lockhart River,143.239927,-13.00596,65,9.4
34580,Lockyer Valley,152.240556,-27.642706,7851,17.4
34590,Logan,153.040194,-27.762385,51140,13.0
34710,Longreach,143.959326,-23.718128,668,17.8
34770,Mackay,148.797559,-21.144073,20772,16.2
34800,McKinlay,141.586965,-20.533983,116,13.6
34830,Mapoon,141.844584,-12.117068,57,11.8
34860,Maranoa,148.287697,-26.544265,2267,17.0
34880,Mareeba,143.95519,-16.984723,5159,21.5
35010,Moreton Bay,152.86856,-27.123764,93852,18.0
35250,Mornington,139.395901,-16.556107,88,8.1
35300,Mount Isa,138.782229,-19.953902,1598,8.5
35600,Murweh,146.48948,-26.189673,844,21.1
35670,Napranum,142.236143,-12.54231,78,8.3
35740,Noosa,152.945595,-26.324828,16898,28.5
35760,North Burnett,151.204177,-25.355277,2898,27.6
35780,Northern Peninsula Area,142.301732,-11.015885,181,6.2
35790,Palm Island,146.618596,-18.738394,160,7.0
35800,Paroo,145.771321,-28.072943,359,20.8
36070,Pormpuraaw,141.807418,-14.719425,60,9.3
36150,Quilpie,143.893436,-26.348817,125,17.6
36250,Redland,153.454368,-27.546389,37019,21.7
36300,Richmond,142.901064,-20.54064,121,15.4
36370,Rockhampton,150.218418,-23.441129,14590,17.1
36510,Scenic Rim,152.796219,-28.062317,10897,23.7
36580,Somerset,152.425231,-27.008938,5968,22.5
36630,South Burnett,151.648021,-26.404774,9512,27.4
36660,Southern Downs,151.885799,-28.405436,10371,27.4
36720,Sunshine Coast,152.894564,-26.692265,81682,21.8
36820,Tablelands,145.330534,-17.930786,7579,27.4
36910,Toowoomba,151.533886,-27.581985,36990,20.1
36950,Torres,142.537067,-10.900534,332,9.5
36960,Torres Strait Island,142.265209,-10.182476,377,8.8
37010,Townsville,146.710042,-19.394575,30519,14.9
37300,Weipa,141.87407,-12.634542,171,4.0
37310,Western Downs,150.347658,-26.84176,6370,18.1
37340,Whitsunday,147.71254,-20.706093,6991,17.2
37400,Winton,142.424503,-22.539132,260,22.8
37550,Woorabinda,149.446166,-24.135923,65,5.9
37570,Wujal Wujal,145.313142,-15.968294,28,9.3
37600,Yarrabah,145.89717,-16.994556,186,7.0
40070,Adelaide,138.598926,-34.921989,4358,15.0
40120,Adelaide Hills,138.836244,-34.892794,8895,21.0
40150,Adelaide Plains,138.454691,-34.4806,1629,14.4
40220,Alexandrina,138.87836,-35.351912,10458,33.9
40250,Anangu Pitjantjatjara Yankunytjatjara,131.172855,-27.080117,123,4.6
40310,Barossa,139.001685,-34.621044,6321,23.8
40430,Barunga West,137.956328,-33.798932,926,34.7
40520,Berri Barmera,140.488924,-34.265836,2710,25.2
40700,Burnside,138.65989,-34.939956,11172,23.4
40910,Campbelltown (SA),138.682248,-34.883727,11499,19.8
41010,Ceduna,133.87242,-32.102109,745,19.9
41060,Charles Sturt,138.523621,-34.890356,25514,19.7
41140,Clare and Gilbert Valleys,138.735987,-34.003961,2508,26.6
41190,Cleve,136.284759,-33.650294,446,25.4
41330,Coober Pedy,134.75236,-29.015826,468,30.7
41560,Copper Coast,137.729034,-33.983365,5541,34.0
41750,Elliston,135.350511,-33.560383,224,21.3
41830,Flinders Ranges,138.301206,-32.075608,537,32.1
41960,Franklin Harbour,136.964429,-33.534286,423,31.1
42030,Gawler,138.729902,-34.62212,5804,21.4
42110,Goyder,139.074079,-33.64595,1236,29.9
42250,Grant,140.725743,-37.845722,1920,21.0
42600,Holdfast Bay,138.521304,-35.001212,10818,27.5
42750,Kangaroo Island,137.239707,-35.827801,1498,29.0
43080,Karoonda East Murray,140.020097,-34.950489,311,30.3
43220,Kimba,136.143805,-33.00268,246,23.1
43360,Kingston (SA),140.025515,-36.643507,769,32.0
43650,Light,138.84652,-34.411089,2900,17.0
43710,Lower Eyre Peninsula,135.595991,-34.411116,1330,21.3
43790,Loxton Waikerie,140.351632,-34.508208,3242,27.1
44000,Maralinga Tjarutja,130.96248,-29.349823,18,17.6
44060,Marion,138.539694,-35.032467,18827,18.9
44210,Mid Murray,139.461398,-34.450188,3092,32.2
44340,Mitcham,138.621746,-35.003902,14626,20.8
44550,Mount Barker,138.875001,-35.08579,7799,17.9
44620,Mount Gambier,140.781687,-37.825318,6073,21.8
44830,Mount Remarkable,138.20512,-32.758277,952,33.1
45040,Murray Bridge,139.301783,-35.159303,5326,22.9
45090,Naracoorte Lucindale,140.547315,-36.977252,1866,21.0
45120,Northern Areas,138.511427,-33.286379,1282,27.5
45290,Norwood Payneham and St Peters,138.636475,-34.907575,8215,20.5
45340,Onkaparinga,138.568872,-35.178694,37316,20.4
45400,Orroroo Carrieton,138.639362,-32.520749,282,31.7
45540,Peterborough,139.059652,-32.864099,578,34.4
45680,Playford,138.663014,-34.688872,13798,12.4
45890,Port Adelaide Enfield,138.561528,-34.840689,22345,15.8
46090,Port Augusta,137.751167,-32.591141,2585,17.9
46300,Port Lincoln,135.851142,-34.729188,3284,21.8
46450,Port Pirie,138.106013,-33.376852,4196,23.8
46510,Prospect,138.597951,-34.883996,3698,15.9
46670,Renmark Paringa,140.814127,-34.182258,2396,23.6
46860,Robe,139.979443,-37.18768,516,32.0
46970,Roxby Downs,136.881176,-30.554411,83,2.0
47140,Salisbury,138.611329,-34.772637,23851,15.9
47290,Southern Mallee,140.574361,-35.393899,495,24.6
47490,Streaky Bay,134.564064,-32.70876,608,26.7
47630,Tatiara,140.584448,-36.22791,1437,20.3
47700,Tea Tree Gully,138.718049,-34.80515,21633,20.7
47800,Coorong,139.751799,-35.711933,1533,27.3
47910,Tumby Bay,136.019715,-34.179336,931,31.6
47980,Unley,138.604055,-34.954771,8917,22.1
48050,Victor Harbor,138.546097,-35.512721,7318,42.7
48130,Wakefield,138.356513,-33.991421,1620,23.2
48260,Walkerville,138.617107,-34.892812,2008,23.5
48340,Wattle Range,140.518865,-37.470383,3224,26.2
48410,West Torrens,138.543835,-34.941446,11401,17.3
48540,Whyalla,137.494329,-33.037326,4252,19.4
48640,Wudinna,135.314646,-33.028655,261,22.3
48750,Yankalilla,138.337112,-35.518568,2190,35.4
48830,Yorke Peninsula,137.560116,-34.68354,4479,36.9
49399,Unincorporated SA,136.766294,-29.577306,513,17.0
50080,Albany,118.18228,-34.738353,10021,24.1
50210,Armadale,116.137,-32.167527,12982,11.9
50250,Ashburton,116.730494,-22.498131,335,4.1
50280,Augusta Margaret River,115.227807,-34.030816,3635,18.7
50350,Bassendean,115.945217,-31.903814,3065,17.9
50420,Bayswater,115.907818,-31.903756,12734,16.8
50490,Belmont,115.948309,-31.956221,6574,13.9
50560,Beverley,116.796596,-32.174656,610,34.0
50630,Boddington,116.399899,-32.816285,351,19.4
50770,Boyup Brook,116.524033,-33.89176,489,25.0
50840,Bridgetown-Greenbushes,116.190984,-34.003753,1637,28.2
50910,Brookton,117.003108,-32.361987,249,25.9
50980,Broome,122.463288,-18.67158,1544,8.2
51080,Broomehill-Tambellup,117.661327,-34.002495,181,16.4
51120,Bruce Rock,118.028634,-31.952581,285,26.7
51190,Bunbury,115.66441,-33.351652,7583,21.6
51260,Busselton,115.348891,-33.718431,10963,24.4
51310,Cambridge,115.786471,-31.936277,5714,17.9
51330,Canning,115.916338,-32.036892,15219,14.2
51400,Capel,115.635716,-33.532348,3069,15.6
51470,Carnamah,115.57784,-29.773206,165,28.2
51540,Carnarvon,114.393649,-24.348559,986,17.6
51610,Chapman Valley,115.059131,-28.322371,318,18.7
51680,Chittering,116.078339,-31.374401,1185,17.5
51710,Christmas Island,105.636497,-10.485334,263,14.1
51750,Claremont,115.780028,-31.980193,2985,23.6
51820,Cockburn,115.829299,-32.12822,18460,13.7
51860,Cocos Islands,96.830957,-12.173723,128,20.5
51890,Collie,116.21157,-33.28355,2228,23.7
51960,Coolgardie,120.964474,-31.186771,525,13.9
52030,Coorow,115.759225,-30.021599,372,33.1
52100,Corrigin,117.799037,-32.358355,290,27.9
52170,Cottesloe,115.758494,-31.994038,1986,22.1
52240,Cranbrook,117.285855,-34.314805,291,25.3
52310,Cuballing,117.159199,-32.735405,274,28.7
52380,Cue,117.94006,-27.310806,71,31.0
52450,Cunderdin,117.155724,-31.599574,254,19.3
52520,Dalwallinu,116.94477,-30.125233,256,17.5
52590,Dandaragan,115.506153,-30.539625,1093,27.9
52660,Dardanup,115.851889,-33.415414,3026,19.0
52730,Denmark,117.118804,-34.890453,1911,28.5
52800,Derby-West Kimberley,124.981212,-17.795302,725,8.5
52870,Donnybrook-Balingup,115.973547,-33.669548,1699,25.8
52940,Dowerin,117.111279,-31.107644,184,24.9
53010,Dumbleyung,117.964529,-33.224489,151,21.3
53080,Dundas,124.417969,-32.011311,174,24.1
53150,East Fremantle,115.768156,-32.037899,1665,19.9
53220,East Pilbara,123.596497,-21.768446,421,4.0
53290,Esperance,122.249666,-33.220518,2968,20.4
53360,Exmouth,114.166684,-22.523034,415,11.6
53430,Fremantle,115.770675,-32.061994,6955,19.1
53570,Gingin,115.699176,-31.191574,1684,26.5
53640,Gnowangerup,118.288758,-34.06212,209,16.4
53710,Goomalling,116.78475,-31.24283,247,24.9
53780,Gosnells,115.992161,-32.066215,19206,13.6
53800,Greater Geraldton,115.500211,-28.561546,7768,18.4
53920,Halls Creek,127.616809,-19.258091,277,6.6
53990,Harvey,115.91251,-33.101086,6003,19.1
54060,Irwin,115.091823,-29.326033,1257,32.5
54130,Jerramungup,119.101097,-34.070502,222,18.2
54170,Joondalup,115.766728,-31.783466,32426,18.7
54200,Kalamunda,116.122749,-32.012227,12192,19.1
54280,Kalgoorlie-Boulder,125.051308,-30.749401,2992,9.7
54310,Karratha,117.043157,-21.056788,871,3.5
54340,Katanning,117.684235,-33.648291,801,18.7
54410,Kellerberrin,117.814537,-31.582326,314,27.1
54480,Kent,118.572245,-33.550814,72,13.7
54550,Kojonup,117.04802,-33.907618,463,23.6
54620,Kondinin,119.184825,-32.427303,181,21.0
54690,Koorda,117.425469,-30.590475,106,28.4
54760,Kulin,118.576097,-32.717506,174,21.8
54830,Kwinana,115.828658,-32.227678,5185,9.5
54900,Lake Grace,119.287535,-33.059879,252,19.1
54970,Laverton,125.40167,-27.891089,108,7.5
55040,Leonora,121.145372,-28.212317,145,8.3
55110,Mandurah,115.652078,-32.686496,26343,25.6
55180,Manjimup,116.325651,-34.557014,2254,23.7
55250,Meekatharra,118.864017,-25.140096,130,10.1
55320,Melville,115.829419,-32.047429,23616,20.8
55390,Menzies,123.97114,-29.575089,66,11.4
55460,Merredin,118.359355,-31.515309,678,20.3
55530,Mingenew,115.48426,-29.158182,102,24.2
55600,Moora,116.185453,-30.498048,518,21.3
55670,Morawa,116.017102,-29.066906,169,24.6
55740,Mosman Park,115.765582,-32.014735,1944,18.9
55810,Mount Magnet,117.976411,-28.238052,115,16.5
55880,Mount Marshall,117.962189,-30.183759,85,18.2
55950,Mukinbudin,118.311152,-30.629932,149,24.7
56090,Mundaring,116.251634,-31.899945,8758,20.7
56160,Murchison,116.299766,-26.751842,12,11.4
56230,Murray,115.98943,-32.623649,5071,24.7
56300,Nannup,115.663913,-34.128436,560,33.4
56370,Narembeen,118.653856,-32.0471,219,25.8
56460,Narrogin,117.262261,-32.995368,1114,22.2
56580,Nedlands,115.789607,-31.972429,4973,19.8
56620,Ngaanyatjarraku,126.835296,-25.094843,110,7.4
56730,Northam,116.635995,-31.685944,2621,21.1
56790,Northampton,114.645931,-27.753082,1083,32.0
56860,Nungarin,118.208077,-31.149384,67,26.0
56930,Peppermint Grove,115.7671,-31.999295,378,21.2
57000,Perenjori,116.611424,-29.443936,121,18.4
57080,Perth,115.846499,-31.960174,3727,10.8
57140,Pingelly,117.222057,-32.51995,328,30.1
57210,Plantagenet,117.562008,-34.597201,1463,25.5
57280,Port Hedland,118.673386,-20.929331,755,4.3
57350,Quairading,117.423452,-32.004797,299,30.9
57420,Ravensthorpe,120.138621,-33.616167,447,19.6
57490,Rockingham,115.794612,-32.351263,21983,14.3
57630,Sandstone,119.173113,-28.335901,36,31.3
57700,Serpentine-Jarrahdale,116.034331,-32.344236,3998,10.3
57770,Shark Bay,114.565961,-26.55808,232,19.9
57840,South Perth,115.870015,-31.9978,9050,18.9
57910,Stirling,115.81963,-31.885677,41880,16.8
57980,Subiaco,115.818708,-31.952033,3929,20.2
58050,Swan,116.067425,-31.741263,21017,11.7
58190,Tammin,117.495006,-31.606654,86,21.4
58260,Three Springs,115.577328,-29.525751,114,19.0
58330,Toodyay,116.380675,-31.471081,1433,28.2
58400,Trayning,117.80688,-31.143998,92,30.1
58470,Upper Gascoyne,116.355116,-24.726577,24,11.9
58510,Victoria Park,115.901496,-31.979723,5760,13.6
58540,Victoria Plains,116.319604,-31.014319,189,22.7
58570,Vincent,115.85259,-31.931269,4778,11.5
58610,Wagin,117.369936,-33.27668,523,28.7
58680,Wandering,116.581268,-32.547167,134,24.5
58760,Wanneroo,115.762938,-31.611734,29362,12.4
58820,Waroona,115.920099,-32.85794,1109,24.4
58890,West Arthur,116.739383,-33.457121,208,26.4
59030,Westonia,118.65626,-30.967574,75,30.5
59100,Wickepin,117.671768,-32.806948,147,20.7
59170,Williams,116.728104,-33.071417,246,23.1
59250,Wiluna,122.245086,-25.312013,52,9.2
59310,Wongan-Ballidu,116.842627,-30.717112,320,23.8
59320,Woodanilling,117.338093,-33.533658,115,23.5
59330,Wyalkatchem,117.43529,-31.186664,141,28.7
59340,Wyndham-East Kimberley,127.069171,-15.565804,702,8.4
59350,Yalgoo,117.050274,-28.565146,55,15.6
59360,Yilgarn,119.341994,-30.957333,224,18.5
59370,York,116.735444,-31.926366,1248,34.2
60210,Break O'Day,148.049876,-41.425306,2431,33.9
60410,Brighton,147.261101,-42.71931,2989,14.7
60610,Burnie,145.806216,-41.216039,3998,19.6
60810,Central Coast (Tas.),146.03904,-41.281693,6129,26.2
61010,Central Highlands (Tas.),146.646064,-42.212329,730,28.2
61210,Circular Head,145.021913,-41.107012,1745,21.0
61410,Clarence,147.4339,-42.836079,13729,21.5
61510,Derwent Valley,146.421385,-42.812947,2270,19.8
61610,Devonport,146.303924,-41.210889,6258,23.2
61810,Dorset,147.708269,-41.072618,1934,27.6
62010,Flinders (Tas.),148.065786,-40.009626,356,37.8
62210,George Town,147.026019,-41.102159,2003,27.1
62410,Glamorgan-Spring Bay,147.95685,-42.252987,1946,36.8
62610,Glenorchy,147.219817,-42.839306,9058,17.9
62810,Hobart,147.287662,-42.897824,10393,18.6
63010,Huon Valley,146.597246,-43.250881,4623,23.4
63210,Kentish,146.183521,-41.453948,1679,24.5
63410,King Island,143.985683,-39.864064,395,23.8
63610,Kingborough,147.231525,-43.051929,8966,21.6
63810,Latrobe (Tas.),146.560109,-41.244018,3780,28.7
64010,Launceston,147.30581,-41.360614,13656,19.1
64210,Meander Valley,146.484785,-41.626639,5434,25.2
64610,Northern Midlands,147.460162,-41.840174,3556,24.6
64810,Sorell,147.695962,-42.778498,3802,21.2
65010,Southern Midlands,147.400564,-42.434555,1449,20.8
65210,Tasman,147.834713,-43.054551,961,35.3
65410,Waratah-Wynyard,145.495398,-41.383222,3912,26.2
65610,West Coast,145.637356,-42.298192,1033,23.8
65810,West Tamar,146.864198,-41.281561,6460,24.7
70200,Alice Springs,133.854776,-23.735061,2965,10.0
70420,Barkly,135.08473,-19.444072,564,7.7
70540,Belyuen,130.683202,-12.538172,11,6.6
70620,Central Desert,132.415024,-21.489805,285,6.9
70700,Coomalie,131.082859,-13.125748,372,26.4
71000,Darwin,130.886992,-12.398427,10086,11.7
71150,Darwin Waterfront Precinct,130.846806,-12.469285,37,12.0
71300,East Arnhem,135.658727,-12.879439,472,4.7
72200,Katherine,132.195101,-14.690142,1039,9.6
72300,Litchfield,131.122029,-12.537542,3244,13.6
72330,MacDonnell,133.161543,-24.636409,378,5.6
72800,Palmerston,130.971424,-12.495714,2828,6.8
73600,Roper Gulf,134.644136,-15.434294,536,7.1
74050,Tiwi Islands,130.958944,-11.537273,164,6.0
74550,Victoria Daly,130.658646,-16.249607,264,8.0
74560,Wagait,130.749307,-12.437565,131,27.2
74660,West Arnhem,133.264543,-12.520905,318,4.3
74680,West Daly,130.06064,-14.222542,138,4.0
79399,Unincorporated NT,131.557983,-13.036837,681,8.7
89399,Unincorporated ACT,149.002501,-35.488677,65896,13.9
99399,Unincorp. Other Territories,150.690573,-35.152603,713,28.5
