lga_code,lga_name,state,total_population,pop_65_74,pop_75_84,pop_85_plus,pop_65_plus,percent_65_plus,median_age,year
10050,Albury,New South Wales,58317,6237,4040,1405,11682,20.0,39.3,2024
10180,Armidale,New South Wales,29646,2927,1984,733,5644,19.0,37.0,2024
10250,Ballina,New South Wales,47935,6622,4443,1822,12887,26.9,47.5,2024
10300,Balranald,New South Wales,2219,307,137,66,510,23.0,43.4,2024
10470,Bathurst,New South Wales,44939,4557,2841,1085,8483,18.9,38.5,2024
10500,Bayside (NSW),New South Wales,185880,13381,9100,3914,26395,14.2,35.3,2024
10550,Bega Valley,New South Wales,36593,6341,3670,1192,11203,30.6,52.5,2024
10600,Bellingen,New South Wales,13278,2241,1181,440,3862,29.1,51.6,2024
10650,Berrigan,New South Wales,8666,1522,1069,347,2938,33.9,53.3,2024
10750,Blacktown,New South Wales,438843,28577,15067,4814,48458,11.0,34.9,2024
10800,Bland,New South Wales,5454,669,438,158,1265,23.2,43.4,2024
10850,Blayney,New South Wales,7767,942,492,181,1615,20.8,41.6,2024
10900,Blue Mountains,New South Wales,78891,10315,6332,1860,18507,23.5,45.6,2024
10950,Bogan,New South Wales,2407,217,186,86,489,20.3,40.5,2024
11150,Bourke,New South Wales,2349,192,137,38,367,15.6,36.2,2024
11200,Brewarrina,New South Wales,1408,165,61,24,250,17.8,38.2,2024
11250,Broken Hill,New South Wales,17541,2232,1368,557,4157,23.7,42.9,2024
11300,Burwood,New South Wales,43346,3094,1946,1193,6233,14.4,32.9,2024
11350,Byron,New South Wales,37826,4644,2029,577,7250,19.2,42.4,2024
11400,Cabonne,New South Wales,13897,1715,1081,310,3106,22.4,44.6,2024
11450,Camden,New South Wales,141133,8029,4270,1270,13569,9.6,33.3,2024
11500,Campbelltown (NSW),New South Wales,188303,15357,7965,2212,25534,13.6,35.6,2024
11520,Canada Bay,New South Wales,92255,8004,5356,2295,15655,17.0,38.7,2024
11570,Canterbury-Bankstown,New South Wales,385242,30915,18750,8762,58427,15.2,36.2,2024
11600,Carrathool,New South Wales,2767,257,123,59,439,15.9,37.4,2024
11650,Central Coast (NSW),New South Wales,354803,40438,28750,10492,79680,22.5,42.8,2024
11700,Central Darling,New South Wales,1767,215,142,35,392,22.2,44.1,2024
11720,Cessnock,New South Wales,69352,6908,3682,1143,11733,16.9,37.0,2024
11730,Clarence Valley,New South Wales,56037,8487,5371,1881,15739,28.1,48.8,2024
11750,Cobar,New South Wales,4015,400,236,103,739,18.4,37.6,2024
11800,Coffs Harbour,New South Wales,81248,10293,6457,2443,19193,23.6,43.6,2024
12000,Coolamon,New South Wales,4613,576,353,147,1076,23.3,42.7,2024
12150,Coonamble,New South Wales,3871,392,269,77,738,19.1,38.5,2024
12160,Cootamundra-Gundagai,New South Wales,11424,1751,1231,440,3422,30.0,49.6,2024
12350,Cowra,New South Wales,12680,1721,1235,388,3344,26.4,46.8,2024
12380,Cumberland,New South Wales,252399,17298,9959,3766,31023,12.3,33.7,2024
12390,Dubbo,New South Wales,56997,5310,3365,1295,9970,17.5,36.5,2024
12700,Dungog,New South Wales,9905,1334,748,202,2284,23.1,45.7,2024
12730,Edward River,New South Wales,8411,1158,701,303,2162,25.7,45.7,2024
12750,Eurobodalla,New South Wales,41142,7713,4749,1434,13896,33.8,54.7,2024
12850,Fairfield,New South Wales,212210,21909,11399,4557,37865,17.8,39.0,2024
12870,Federation,New South Wales,13075,2090,1443,478,4011,30.7,51.5,2024
12900,Forbes,New South Wales,9295,1045,762,312,2119,22.8,41.7,2024
12930,Georges River,New South Wales,161593,14817,8872,4300,27989,17.3,37.9,2024
12950,Gilgandra,New South Wales,4305,595,358,120,1073,24.9,46.6,2024
13010,Glen Innes Severn,New South Wales,8978,1419,970,317,2706,30.1,51.2,2024
13310,Goulburn Mulwaree,New South Wales,33112,3750,2383,840,6973,21.1,41.5,2024
13340,Greater Hume,New South Wales,11582,1500,875,261,2636,22.8,44.1,2024
13450,Griffith,New South Wales,27340,2506,1442,725,4673,17.1,37.8,2024
13550,Gunnedah,New South Wales,13392,1298,830,422,2550,19.0,37.3,2024
13660,Gwydir,New South Wales,4893,773,529,133,1435,29.3,51.1,2024
13800,Hawkesbury,New South Wales,68704,6306,4182,1300,11788,17.2,38.6,2024
13850,Hay,New South Wales,2861,354,244,118,716,25.0,48.3,2024
13910,Hilltops,New South Wales,19300,2486,1627,548,4661,24.2,44.5,2024
14000,Hornsby,New South Wales,154834,14367,9684,4440,28491,18.4,41.7,2024
14100,Hunters Hill,New South Wales,14062,1372,1114,716,3202,22.8,44.1,2024
14170,Inner West,New South Wales,190939,13708,8507,3601,25816,13.5,37.1,2024
14220,Inverell,New South Wales,18080,2140,1506,557,4203,23.2,42.4,2024
14300,Junee,New South Wales,6458,765,458,145,1368,21.2,42.6,2024
14350,Kempsey,New South Wales,31718,4834,2852,814,8500,26.8,47.1,2024
14400,Kiama,New South Wales,23173,3637,2299,795,6731,29.0,48.9,2024
14500,Ku-ring-gai,New South Wales,128362,11474,8964,4378,24816,19.3,42.6,2024
14550,Kyogle,New South Wales,9582,1711,826,224,2761,28.8,52.2,2024
14600,Lachlan,New South Wales,6113,763,417,173,1353,22.1,40.9,2024
14650,Lake Macquarie,New South Wales,221859,25027,17173,6435,48635,21.9,41.8,2024
14700,Lane Cove,New South Wales,42566,3093,2206,861,6160,14.5,37.6,2024
14750,Leeton,New South Wales,11438,1109,737,286,2132,18.6,37.9,2024
14850,Lismore,New South Wales,43783,5591,2890,1099,9580,21.9,44.6,2024
14870,Lithgow,New South Wales,20740,2897,1880,549,5326,25.7,47.2,2024
14900,Liverpool,New South Wales,254905,17652,9216,3191,30059,11.8,34.4,2024
14920,Liverpool Plains,New South Wales,7670,1108,682,191,1981,25.8,48.2,2024
14950,Lockhart,New South Wales,3474,453,266,130,849,24.4,45.8,2024
15050,Maitland,New South Wales,98163,8502,5164,1690,15356,15.6,36.0,2024
15240,Mid-Coast,New South Wales,98582,17743,12016,3994,33753,34.2,54.3,2024
15270,Mid-Western,New South Wales,26214,2914,1975,654,5543,21.1,41.7,2024
15300,Moree Plains,New South Wales,12816,1251,699,245,2195,17.1,38.2,2024
15350,Mosman,New South Wales,29253,2867,2484,1048,6399,21.9,43.8,2024
15520,Murray River,New South Wales,13562,2219,1418,434,4071,30.0,50.3,2024
15560,Murrumbidgee,New South Wales,3658,500,242,109,851,23.3,44.0,2024
15650,Muswellbrook,New South Wales,16817,1476,873,296,2645,15.7,37.3,2024
15700,Nambucca Valley,New South Wales,20986,3563,2226,752,6541,31.2,52.4,2024
15750,Narrabri,New South Wales,12796,1442,868,312,2622,20.5,40.5,2024
15800,Narrandera,New South Wales,5687,694,486,189,1369,24.1,43.7,2024
15850,Narromine,New South Wales,6432,725,536,182,1443,22.4,40.9,2024
15900,Newcastle,New South Wales,176860,15619,9516,4007,29142,16.5,36.6,2024
15950,North Sydney,New South Wales,72909,6377,4561,1533,12471,17.1,38.2,2024
15990,Northern Beaches,New South Wales,270772,23629,17957,7632,49218,18.2,41.4,2024
16100,Oberon,New South Wales,5604,805,486,140,1431,25.5,47.5,2024
16150,Orange,New South Wales,44610,4138,2838,1046,8022,18.0,37.1,2024
16200,Parkes,New South Wales,14236,1598,1025,411,3034,21.3,40.7,2024
16260,Parramatta,New South Wales,274956,19187,11396,4395,34978,12.7,35.5,2024
16350,Penrith,New South Wales,228661,17973,9954,3073,31000,13.6,35.5,2024
16380,Port Macquarie-Hastings,New South Wales,90835,13332,9884,3507,26723,29.4,49.1,2024
16400,Port Stephens,New South Wales,78906,11202,7812,2314,21328,27.0,47.2,2024
16490,Queanbeyan-Palerang,New South Wales,66855,5444,2837,876,9157,13.7,38.0,2024
16550,Randwick,New South Wales,144598,10293,7270,3238,20801,14.4,34.8,2024
16610,Richmond Valley,New South Wales,23892,3332,2042,773,6147,25.7,46.1,2024
16700,Ryde,New South Wales,139047,10880,6352,3246,20478,14.7,36.3,2024
16900,Shellharbour,New South Wales,81566,8326,5054,1735,15115,18.5,38.9,2024
16950,Shoalhaven,New South Wales,110803,17074,11052,3655,31781,28.7,48.4,2024
17000,Singleton,New South Wales,25639,2344,1290,364,3998,15.6,37.7,2024
17040,Snowy Monaro,New South Wales,22292,2513,1501,521,4535,20.3,42.6,2024
17080,Snowy Valleys,New South Wales,14955,2006,1279,377,3662,24.5,45.6,2024
17100,Strathfield,New South Wales,48495,3119,1724,852,5695,11.7,32.8,2024
17150,Sutherland,New South Wales,238614,23414,15705,6784,45903,19.2,41.0,2024
17200,Sydney,New South Wales,237278,12052,6997,2475,21524,9.1,33.0,2024
17310,Tamworth,New South Wales,65908,6820,4596,1696,13112,19.9,38.6,2024
17350,Temora,New South Wales,6023,837,589,242,1668,27.7,47.7,2024
17400,Tenterfield,New South Wales,7081,1449,754,221,2424,34.2,55.7,2024
17420,The Hills,New South Wales,215612,17534,10505,3341,31380,14.6,38.8,2024
17550,Tweed,New South Wales,99793,13860,9203,3888,26951,27.0,47.2,2024
17620,Upper Hunter,New South Wales,14408,1735,1027,425,3187,22.1,42.5,2024
17640,Upper Lachlan,New South Wales,8875,1253,788,245,2286,25.8,49.7,2024
17650,Uralla,New South Wales,6096,792,482,128,1402,23.0,46.1,2024
17750,Wagga Wagga,New South Wales,68951,6274,3839,1605,11718,17.0,35.3,2024
17850,Walcha,New South Wales,2990,473,318,120,911,30.5,51.4,2024
17900,Walgett,New South Wales,5497,761,403,98,1262,23.0,44.4,2024
17950,Warren,New South Wales,2593,308,210,126,644,24.8,44.8,2024
18020,Warrumbungle,New South Wales,9239,1394,941,368,2703,29.3,50.2,2024
18050,Waverley,New South Wales,72857,4282,3180,1493,8955,12.3,34.8,2024
18100,Weddin,New South Wales,3608,571,378,168,1117,31.0,52.0,2024
18200,Wentworth,New South Wales,7804,945,614,152,1711,21.9,42.9,2024
18250,Willoughby,New South Wales,79634,6301,4119,1933,12353,15.5,38.8,2024
18350,Wingecarribee,New South Wales,53552,7337,5911,1872,15120,28.2,48.6,2024
18400,Wollondilly,New South Wales,59782,5225,2940,909,9074,15.2,36.6,2024
18450,Wollongong,New South Wales,221894,21020,14094,5951,41065,18.5,38.6,2024
18500,Woollahra,New South Wales,55175,4952,4337,1824,11113,20.1,39.4,2024
18710,Yass Valley,New South Wales,17647,1895,1064,374,3333,18.9,43.0,2024
19399,Unincorporated NSW,New South Wales,984,116,62,15,193,19.6,45.2,2024
20110,Alpine,Victoria,13199,1987,1207,434,3628,27.5,49.0,2024
20260,Ararat,Victoria,11686,1619,997,349,2965,25.4,46.9,2024
20570,Ballarat,Victoria,121050,12266,7737,2880,22883,18.9,38.5,2024
20660,Banyule,Victoria,131931,12607,8688,3410,24705,18.7,40.3,2024
20740,Bass Coast,Victoria,43557,7717,4425,1310,13452,30.9,51.9,2024
20830,Baw Baw,Victoria,61905,7481,4609,1525,13615,22.0,41.2,2024
20910,Bayside (Vic.),Victoria,106118,11325,8017,3469,22811,21.5,45.4,2024
21010,Benalla,Victoria,14635,2356,1530,581,4467,30.5,52.0,2024
21110,Boroondara,Victoria,178008,16093,10978,5013,32084,18.0,39.3,2024
21180,Brimbank,Victoria,198152,18700,11075,4026,33801,17.1,38.0,2024
21270,Buloke,Victoria,5956,961,596,276,1833,30.8,53.6,2024
21370,Campaspe,Victoria,38153,5218,3381,1315,9914,26.0,47.5,2024
21450,Cardinia,Victoria,130383,9135,5692,1775,16602,12.7,35.1,2024
21610,Casey,Victoria,405415,26203,13913,4710,44826,11.1,34.6,2024
21670,Central Goldfields,Victoria,13704,2189,1554,567,4310,31.5,53.0,2024
21750,Colac Otway,Victoria,22300,3020,1926,651,5597,25.1,45.6,2024
21830,Corangamite,Victoria,15846,2238,1412,557,4207,26.5,48.6,2024
21890,Darebin,Victoria,159963,10934,7415,3992,22341,14.0,36.6,2024
22110,East Gippsland,Victoria,49422,8599,5694,1629,15922,32.2,52.8,2024
22170,Frankston,Victoria,144615,12997,8180,3058,24235,16.8,39.3,2024
22250,Gannawarra,Victoria,10404,1746,1147,414,3307,31.8,53.1,2024
22310,Glen Eira,Victoria,161057,12986,8407,3996,25389,15.8,37.4,2024
22410,Glenelg,Victoria,20007,3145,1748,629,5522,27.6,50.3,2024
22490,Golden Plains,Victoria,26337,2777,1275,307,4359,16.6,40.0,2024
22620,Greater Bendigo,Victoria,125805,13950,8541,3136,25627,20.4,40.2,2024
22670,Greater Dandenong,Victoria,167298,13935,8727,3554,26216,15.7,36.0,2024
22750,Greater Geelong,Victoria,289565,30687,19394,6996,57077,19.7,39.3,2024
22830,Greater Shepparton,Victoria,69874,7321,4741,1804,13866,19.8,39.8,2024
22910,Hepburn,Victoria,16824,2960,1577,465,5002,29.7,53.4,2024
22980,Hindmarsh,Victoria,5464,821,528,247,1596,29.2,51.5,2024
23110,Hobsons Bay,Victoria,95633,8379,4997,2307,15683,16.4,39.9,2024
23190,Horsham,Victoria,20376,2286,1540,677,4503,22.1,41.1,2024
23270,Hume,Victoria,271709,17569,9344,2775,29688,10.9,34.1,2024
23350,Indigo,Victoria,17788,2546,1428,440,4414,24.8,48.1,2024
23430,Kingston (Vic.),Victoria,166521,15684,10598,4657,30939,18.6,41.1,2024
23670,Knox,Victoria,163302,16236,9976,3871,30083,18.4,40.9,2024
23810,Latrobe (Vic.),Victoria,78845,9461,5651,1935,17047,21.6,41.6,2024
23940,Loddon,Victoria,7755,1322,767,321,2410,31.1,53.3,2024
24130,Macedon Ranges,Victoria,53738,6041,3811,1003,10855,20.2,43.8,2024
24210,Manningham,Victoria,131761,13094,10430,5109,28633,21.7,42.7,2024
24250,Mansfield,Victoria,10782,1738,951,294,2983,27.7,49.3,2024
24330,Maribyrnong,Victoria,94251,5813,2845,1345,10003,10.6,35.1,2024
24410,Maroondah,Victoria,119354,10904,7296,3046,21246,17.8,39.8,2024
24600,Melbourne,Victoria,189381,6467,3956,1358,11781,6.2,29.3,2024
24650,Melton,Victoria,219697,12116,5646,1504,19266,8.8,33.4,2024
24700,Merri-bek,Victoria,186534,10990,7285,4647,22922,12.3,35.0,2024
24780,Mildura,Victoria,57626,6199,3887,1580,11666,20.2,40.1,2024
24850,Mitchell,Victoria,56384,4775,2727,788,8290,14.7,36.3,2024
24900,Moira,Victoria,30836,4615,3082,1121,8818,28.6,48.8,2024
24970,Monash,Victoria,209268,15954,12419,6424,34797,16.6,36.0,2024
25060,Moonee Valley,Victoria,129732,11200,7411,3543,22154,17.1,38.9,2024
25150,Moorabool,Victoria,39814,3939,2396,625,6960,17.5,39.7,2024
25340,Mornington Peninsula,Victoria,171450,23872,18182,6464,48518,28.3,49.0,2024
25430,Mount Alexander,Victoria,20799,3497,2043,719,6259,30.1,51.8,2024
25490,Moyne,Victoria,17717,2402,1278,402,4082,23.0,44.6,2024
25620,Murrindindi,Victoria,15603,2480,1475,363,4318,27.7,51.3,2024
25710,Nillumbik,Victoria,63693,7030,3547,998,11575,18.2,43.1,2024
25810,Northern Grampians,Victoria,11808,1751,1135,391,3277,27.8,49.4,2024
25900,Port Phillip,Victoria,112669,8375,5090,1808,15273,13.6,37.5,2024
25990,Pyrenees,Victoria,7958,1276,765,200,2241,28.2,50.9,2024
26080,Queenscliffe,Victoria,3302,802,577,248,1627,49.3,64.5,2024
26170,South Gippsland,Victoria,31022,4734,2999,939,8672,28.0,49.9,2024
26260,Southern Grampians,Victoria,16525,2343,1525,587,4455,27.0,47.2,2024
26350,Stonnington,Victoria,114038,8638,6830,2993,18461,16.2,35.5,2024
26430,Strathbogie,Victoria,11739,2175,1253,415,3843,32.7,53.9,2024
26490,Surf Coast,Victoria,39928,4897,2667,799,8363,20.9,43.0,2024
26610,Swan Hill,Victoria,21094,2249,1361,565,4175,19.8,39.2,2024
26670,Towong,Victoria,6237,1045,613,230,1888,30.3,52.8,2024
26700,Wangaratta,Victoria,30169,3894,2616,1001,7511,24.9,45.8,2024
26730,Warrnambool,Victoria,36150,4159,2709,1024,7892,21.8,42.0,2024
26810,Wellington,Victoria,46533,6650,3678,1100,11428,24.6,45.4,2024
26890,West Wimmera,Victoria,3913,603,343,182,1128,28.8,50.6,2024
26980,Whitehorse,Victoria,183462,15508,11251,5636,32395,17.7,38.3,2024
27070,Whittlesea,Victoria,253204,18178,10572,3703,32453,12.8,35.7,2024
27170,Wodonga,Victoria,44824,4559,2728,968,8255,18.4,38.4,2024
27260,Wyndham,Victoria,337009,16039,7619,2095,25753,7.6,33.3,2024
27350,Yarra,Victoria,100706,6189,3774,1401,11364,11.3,34.1,2024
27450,Yarra Ranges,Victoria,160137,16418,10078,2988,29484,18.4,40.5,2024
27630,Yarriambiack,Victoria,6346,1025,640,267,1932,30.4,53.0,2024
29399,Unincorporated Vic,Victoria,964,89,18,9,116,12.0,33.3,2024
30250,Aurukun,Queensland,1163,51,19,1,71,6.1,29.1,2024
30300,Balonne,Queensland,4356,438,227,88,753,17.3,39.5,2024
30370,Banana,Queensland,15053,1386,815,309,2510,16.7,38.9,2024
30410,Barcaldine,Queensland,2917,320,210,58,588,20.2,42.8,2024
30450,Barcoo,Queensland,317,16,22,3,41,12.9,39.6,2024
30760,Blackall Tambo,Queensland,1969,287,161,67,515,26.2,46.1,2024
30900,Boulia,Queensland,479,51,27,3,81,16.9,38.1,2024
31000,Brisbane,Queensland,1355640,95302,60203,23882,179387,13.2,35.7,2024
31750,Bulloo,Queensland,347,30,21,8,59,17.0,37.8,2024
31820,Bundaberg,Queensland,106146,15170,10027,3127,28324,26.7,47.5,2024
31900,Burdekin,Queensland,17204,2253,1427,573,4253,24.7,45.9,2024
31950,Burke,Queensland,444,52,16,2,70,15.8,38.5,2024
32080,Cairns,Queensland,178104,17045,9244,2718,29007,16.3,39.5,2024
32250,Carpentaria,Queensland,2229,193,84,4,281,12.6,33.8,2024
32260,Cassowary Coast,Queensland,30390,4303,2358,747,7408,24.4,46.5,2024
32270,Central Highlands (Qld),Queensland,29336,1988,935,236,3159,10.8,34.5,2024
32310,Charters Towers,Queensland,12040,1489,901,286,2676,22.2,42.9,2024
32330,Cherbourg,Queensland,1281,54,30,25,109,8.5,23.3,2024
32450,Cloncurry,Queensland,3882,273,131,36,440,11.3,34.4,2024
32500,Cook,Queensland,4824,576,296,33,905,18.8,42.9,2024
32600,Croydon,Queensland,270,29,4,4,37,13.7,41.3,2024
32750,Diamantina,Queensland,271,20,22,0,42,15.5,42.6,2024
32770,Doomadgee,Queensland,1473,57,22,5,84,5.7,26.4,2024
32810,Douglas,Queensland,13071,1738,853,202,2793,21.4,46.0,2024
33100,Etheridge,Queensland,727,100,64,19,183,25.2,45.1,2024
33200,Flinders (Qld),Queensland,1552,173,107,34,314,20.2,38.7,2024
33220,Fraser Coast,Queensland,120685,20476,13161,3649,37286,30.9,51.9,2024
33360,Gladstone,Queensland,68065,6543,3085,731,10359,15.2,39.3,2024
33430,Gold Coast,Queensland,681389,63648,42490,14293,120431,17.7,39.1,2024
33610,Goondiwindi,Queensland,10495,1173,688,286,2147,20.5,39.9,2024
33620,Gympie,Queensland,57449,8565,5031,1390,14986,26.1,48.2,2024
33800,Hinchinbrook,Queensland,11162,1717,1114,486,3317,29.7,52.4,2024
33830,Hope Vale,Queensland,1053,48,29,8,85,8.1,29.0,2024
33960,Ipswich,Queensland,259886,17237,9582,3043,29862,11.5,33.7,2024
33980,Isaac,Queensland,23197,1195,489,99,1783,7.7,34.5,2024
34420,Kowanyama,Queensland,1151,49,25,5,79,6.9,30.3,2024
34530,Livingstone,Queensland,42849,5355,2960,854,9169,21.4,43.8,2024
34570,Lockhart River,Queensland,688,41,18,6,65,9.4,28.1,2024
34580,Lockyer Valley,Queensland,45054,4485,2671,695,7851,17.4,39.2,2024
34590,Logan,Queensland,392339,29298,17174,4668,51140,13.0,34.2,2024
34710,Longreach,Queensland,3758,406,183,79,668,17.8,39.8,2024
34770,Mackay,Queensland,128361,12153,6500,2119,20772,16.2,39.0,2024
34800,McKinlay,Queensland,852,76,34,6,116,13.6,36.9,2024
34830,Mapoon,Queensland,485,43,12,2,57,11.8,28.4,2024
34860,Maranoa,Queensland,13371,1271,741,255,2267,17.0,38.0,2024
34880,Mareeba,Queensland,24003,2828,1796,535,5159,21.5,44.0,2024
35010,Moreton Bay,Queensland,522494,50950,33211,9691,93852,18.0,39.2,2024
35250,Mornington,Queensland,1087,53,30,5,88,8.1,29.9,2024
35300,Mount Isa,Queensland,18788,949,509,140,1598,8.5,31.7,2024
35600,Murweh,Queensland,3992,523,210,111,844,21.1,43.3,2024
35670,Napranum,Queensland,943,53,17,8,78,8.3,27.7,2024
35740,Noosa,Queensland,59274,8805,6145,1948,16898,28.5,51.0,2024
35760,North Burnett,Queensland,10482,1550,1005,343,2898,27.6,49.7,2024
35780,Northern Peninsula Area,Queensland,2928,129,46,6,181,6.2,24.9,2024
35790,Palm Island,Queensland,2287,122,36,2,160,7.0,26.7,2024
35800,Paroo,Queensland,1729,219,115,25,359,20.8,42.0,2024
36070,Pormpuraaw,Queensland,647,36,19,5,60,9.3,36.4,2024
36150,Quilpie,Queensland,709,78,32,15,125,17.6,40.3,2024
36250,Redland,Queensland,170225,20123,12812,4084,37019,21.7,43.5,2024
36300,Richmond,Queensland,788,78,40,3,121,15.4,36.6,2024
36370,Rockhampton,Queensland,85334,7971,4825,1794,14590,17.1,37.6,2024
36510,Scenic Rim,Queensland,46036,6076,3669,1152,10897,23.7,46.7,2024
36580,Somerset,Queensland,26579,3569,2003,396,5968,22.5,45.2,2024
36630,South Burnett,Queensland,34745,5289,3381,842,9512,27.4,48.6,2024
36660,Southern Downs,Queensland,37820,5696,3596,1079,10371,27.4,48.6,2024
36720,Sunshine Coast,Queensland,375328,43098,28797,9787,81682,21.8,42.9,2024
36820,Tablelands,Queensland,27630,4303,2528,748,7579,27.4,49.3,2024
36910,Toowoomba,Queensland,184377,19207,12980,4803,36990,20.1,39.1,2024
36950,Torres,Queensland,3495,235,71,26,332,9.5,31.0,2024
36960,Torres Strait Island,Queensland,4289,259,101,17,377,8.8,30.8,2024
37010,Townsville,Queensland,204541,17650,9871,2998,30519,14.9,36.1,2024
37300,Weipa,Queensland,4281,121,46,4,171,4.0,31.3,2024
37310,Western Downs,Queensland,35285,3570,2100,700,6370,18.1,38.7,2024
37340,Whitsunday,Queensland,40744,4336,2116,539,6991,17.2,40.0,2024
37400,Winton,Queensland,1141,152,93,15,260,22.8,45.6,2024
37550,Woorabinda,Queensland,1098,40,17,8,65,5.9,23.9,2024
37570,Wujal Wujal,Queensland,301,11,11,6,28,9.3,30.4,2024
37600,Yarrabah,Queensland,2659,104,66,16,186,7.0,26.4,2024
40070,Adelaide,South Australia,29118,2181,1622,555,4358,15.0,31.5,2024
40120,Adelaide Hills,South Australia,42368,5125,2921,849,8895,21.0,44.7,2024
40150,Adelaide Plains,South Australia,11302,979,507,143,1629,14.4,38.4,2024
40220,Alexandrina,South Australia,30887,5542,3809,1107,10458,33.9,53.9,2024
40250,Anangu Pitjantjatjara Yankunytjatjara,South Australia,2654,99,15,9,123,4.6,29.8,2024
40310,Barossa,South Australia,26590,3443,2154,724,6321,23.8,45.6,2024
40430,Barunga West,South Australia,2672,493,322,111,926,34.7,56.3,2024
40520,Berri Barmera,South Australia,10747,1550,832,328,2710,25.2,46.0,2024
40700,Burnside,South Australia,47810,5255,4175,1742,11172,23.4,43.8,2024
40910,Campbelltown (SA),South Australia,57988,5166,4221,2112,11499,19.8,40.4,2024
41010,Ceduna,South Australia,3744,456,235,54,745,19.9,40.0,2024
41060,Charles Sturt,South Australia,129196,12943,8649,3922,25514,19.7,40.3,2024
41140,Clare and Gilbert Valleys,South Australia,9417,1385,866,257,2508,26.6,49.1,2024
41190,Cleve,South Australia,1757,253,143,50,446,25.4,46.2,2024
41330,Coober Pedy,South Australia,1526,237,196,35,468,30.7,51.4,2024
41560,Copper Coast,South Australia,16299,3019,1892,630,5541,34.0,55.0,2024
41750,Elliston,South Australia,1053,140,63,21,224,21.3,42.8,2024
41830,Flinders Ranges,South Australia,1671,297,190,50,537,32.1,54.5,2024
41960,Franklin Harbour,South Australia,1359,229,160,34,423,31.1,52.6,2024
42030,Gawler,South Australia,27182,2922,1961,921,5804,21.4,41.2,2024
42110,Goyder,South Australia,4135,735,394,107,1236,29.9,52.5,2024
42250,Grant,South Australia,9140,1160,591,169,1920,21.0,45.6,2024
42600,Holdfast Bay,South Australia,39308,5480,3759,1579,10818,27.5,47.5,2024
42750,Kangaroo Island,South Australia,5167,847,516,135,1498,29.0,51.0,2024
43080,Karoonda East Murray,South Australia,1026,159,101,51,311,30.3,51.4,2024
43220,Kimba,South Australia,1064,115,80,51,246,23.1,42.3,2024
43360,Kingston (SA),South Australia,2406,395,286,88,769,32.0,53.9,2024
43650,Light,South Australia,17028,1771,881,248,2900,17.0,40.4,2024
43710,Lower Eyre Peninsula,South Australia,6237,816,406,108,1330,21.3,45.1,2024
43790,Loxton Waikerie,South Australia,11949,1766,1109,367,3242,27.1,47.9,2024
44000,Maralinga Tjarutja,South Australia,102,12,6,0,18,17.6,48.8,2024
44060,Marion,South Australia,99821,10082,6107,2638,18827,18.9,39.1,2024
44210,Mid Murray,South Australia,9593,1855,964,273,3092,32.2,55.1,2024
44340,Mitcham,South Australia,70484,7193,5195,2238,14626,20.8,41.9,2024
44550,Mount Barker,South Australia,43619,4341,2646,812,7799,17.9,39.4,2024
44620,Mount Gambier,South Australia,27888,3171,2035,867,6073,21.8,41.5,2024
44830,Mount Remarkable,South Australia,2873,569,287,96,952,33.1,56.6,2024
45040,Murray Bridge,South Australia,23257,2780,1893,653,5326,22.9,42.7,2024
45090,Naracoorte Lucindale,South Australia,8901,977,632,257,1866,21.0,41.6,2024
45120,Northern Areas,South Australia,4667,708,450,124,1282,27.5,49.9,2024
45290,Norwood Payneham and St Peters,South Australia,40062,3905,2844,1466,8215,20.5,39.9,2024
45340,Onkaparinga,South Australia,182821,20305,12860,4151,37316,20.4,41.2,2024
45400,Orroroo Carrieton,South Australia,890,161,82,39,282,31.7,52.3,2024
45540,Peterborough,South Australia,1682,332,194,52,578,34.4,56.3,2024
45680,Playford,South Australia,111135,7884,4292,1622,13798,12.4,33.3,2024
45890,Port Adelaide Enfield,South Australia,141042,12274,7119,2952,22345,15.8,37.6,2024
46090,Port Augusta,South Australia,14453,1424,873,288,2585,17.9,38.8,2024
46300,Port Lincoln,South Australia,15037,1775,1108,401,3284,21.8,41.5,2024
46450,Port Pirie,South Australia,17637,2168,1508,520,4196,23.8,44.3,2024
46510,Prospect,South Australia,23309,2166,1036,496,3698,15.9,37.6,2024
46670,Renmark Paringa,South Australia,10173,1284,817,295,2396,23.6,43.3,2024
46860,Robe,South Australia,1611,298,178,40,516,32.0,54.2,2024
46970,Roxby Downs,South Australia,4089,71,11,1,83,2.0,32.4,2024
47140,Salisbury,South Australia,150272,12900,8046,2905,23851,15.9,37.1,2024
47290,Southern Mallee,South Australia,2012,234,186,75,495,24.6,44.2,2024
47490,Streaky Bay,South Australia,2278,397,157,54,608,26.7,47.5,2024
47630,Tatiara,South Australia,7071,785,465,187,1437,20.3,41.6,2024
47700,Tea Tree Gully,South Australia,104437,11028,7830,2775,21633,20.7,41.3,2024
47800,Coorong,South Australia,5614,787,575,171,1533,27.3,48.6,2024
47910,Tumby Bay,South Australia,2948,478,323,130,931,31.6,51.5,2024
47980,Unley,South Australia,40327,4459,3025,1433,8917,22.1,42.2,2024
48050,Victor Harbor,South Australia,17124,3424,2917,977,7318,42.7,60.7,2024
48130,Wakefield,South Australia,6985,951,493,176,1620,23.2,45.0,2024
48260,Walkerville,South Australia,8562,979,701,328,2008,23.5,43.1,2024
48340,Wattle Range,South Australia,12319,1877,1008,339,3224,26.2,49.0,2024
48410,West Torrens,South Australia,65738,5330,3757,2314,11401,17.3,37.3,2024
48540,Whyalla,South Australia,21864,2239,1493,520,4252,19.4,41.2,2024
48640,Wudinna,South Australia,1168,142,81,38,261,22.3,45.4,2024
48750,Yankalilla,South Australia,6186,1268,741,181,2190,35.4,56.7,2024
48830,Yorke Peninsula,South Australia,12150,2394,1643,442,4479,36.9,57.8,2024
49399,Unincorporated SA,South Australia,3010,355,133,25,513,17.0,43.9,2024
50080,Albany,Western Australia,41545,5350,3362,1309,10021,24.1,44.6,2024
50210,Armadale,Western Australia,109218,7541,4173,1268,12982,11.9,35.1,2024
50250,Ashburton,Western Australia,8179,272,59,4,335,4.1,34.8,2024
50280,Augusta Margaret River,Western Australia,19410,2257,1048,330,3635,18.7,42.5,2024
50350,Bassendean,Western Australia,17145,1668,1027,370,3065,17.9,40.3,2024
50420,Bayswater,Western Australia,75981,6566,4412,1756,12734,16.8,38.0,2024
50490,Belmont,Western Australia,47377,3615,2073,886,6574,13.9,35.9,2024
50560,Beverley,Western Australia,1795,350,188,72,610,34.0,54.6,2024
50630,Boddington,Western Australia,1808,190,133,28,351,19.4,42.7,2024
50770,Boyup Brook,Western Australia,1959,276,169,44,489,25.0,47.5,2024
50840,Bridgetown-Greenbushes,Western Australia,5797,977,523,137,1637,28.2,51.5,2024
50910,Brookton,Western Australia,962,115,93,41,249,25.9,51.7,2024
50980,Broome,Western Australia,18870,1102,367,75,1544,8.2,34.1,2024
51080,Broomehill-Tambellup,Western Australia,1101,109,50,22,181,16.4,41.6,2024
51120,Bruce Rock,Western Australia,1066,153,86,46,285,26.7,45.1,2024
51190,Bunbury,Western Australia,35174,4079,2576,928,7583,21.6,42.5,2024
51260,Busselton,Western Australia,45003,5909,3804,1250,10963,24.4,45.2,2024
51310,Cambridge,Western Australia,32006,2915,1782,1017,5714,17.9,40.5,2024
51330,Canning,Western Australia,106944,8346,5010,1863,15219,14.2,35.3,2024
51400,Capel,Western Australia,19701,1897,989,183,3069,15.6,39.6,2024
51470,Carnamah,Western Australia,586,92,63,10,165,28.2,50.5,2024
51540,Carnarvon,Western Australia,5599,636,279,71,986,17.6,39.9,2024
51610,Chapman Valley,Western Australia,1698,192,103,23,318,18.7,44.0,2024
51680,Chittering,Western Australia,6753,692,383,110,1185,17.5,44.1,2024
51710,Christmas Island,Other Territories,1865,205,51,7,263,14.1,39.1,2024
51750,Claremont,Western Australia,12671,1257,1154,574,2985,23.6,42.0,2024
51820,Cockburn,Western Australia,135149,10478,5881,2101,18460,13.7,37.0,2024
51860,Cocos Islands,Other Territories,625,82,40,6,128,20.5,41.3,2024
51890,Collie,Western Australia,9408,1294,722,212,2228,23.7,45.3,2024
51960,Coolgardie,Western Australia,3779,379,124,22,525,13.9,39.9,2024
52030,Coorow,Western Australia,1125,226,123,23,372,33.1,56.0,2024
52100,Corrigin,Western Australia,1039,169,82,39,290,27.9,45.5,2024
52170,Cottesloe,Western Australia,8967,984,737,265,1986,22.1,42.3,2024
52240,Cranbrook,Western Australia,1152,152,104,35,291,25.3,46.2,2024
52310,Cuballing,Western Australia,955,166,89,19,274,28.7,51.9,2024
52380,Cue,Western Australia,229,53,17,1,71,31.0,51.9,2024
52450,Cunderdin,Western Australia,1316,152,79,23,254,19.3,38.5,2024
52520,Dalwallinu,Western Australia,1466,167,55,34,256,17.5,40.8,2024
52590,Dandaragan,Western Australia,3921,670,336,87,1093,27.9,50.3,2024
52660,Dardanup,Western Australia,15930,1635,1011,380,3026,19.0,39.7,2024
52730,Denmark,Western Australia,6707,1042,681,188,1911,28.5,50.7,2024
52800,Derby-West Kimberley,Western Australia,8536,512,167,46,725,8.5,32.3,2024
52870,Donnybrook-Balingup,Western Australia,6584,1018,545,136,1699,25.8,49.2,2024
52940,Dowerin,Western Australia,740,111,60,13,184,24.9,45.7,2024
53010,Dumbleyung,Western Australia,708,99,42,10,151,21.3,42.0,2024
53080,Dundas,Western Australia,723,107,57,10,174,24.1,48.8,2024
53150,East Fremantle,Western Australia,8361,902,498,265,1665,19.9,43.2,2024
53220,East Pilbara,Western Australia,10403,341,52,28,421,4.0,36.1,2024
53290,Esperance,Western Australia,14558,1509,1093,366,2968,20.4,42.0,2024
53360,Exmouth,Western Australia,3566,255,131,29,415,11.6,36.2,2024
53430,Fremantle,Western Australia,36349,3775,2295,885,6955,19.1,40.7,2024
53570,Gingin,Western Australia,6348,993,563,128,1684,26.5,49.8,2024
53640,Gnowangerup,Western Australia,1271,149,54,6,209,16.4,38.1,2024
53710,Goomalling,Western Australia,992,149,84,14,247,24.9,48.2,2024
53780,Gosnells,Western Australia,141279,10735,6326,2145,19206,13.6,36.2,2024
53800,Greater Geraldton,Western Australia,42322,4340,2486,942,7768,18.4,40.1,2024
53920,Halls Creek,Western Australia,4213,187,81,9,277,6.6,29.4,2024
53990,Harvey,Western Australia,31495,3439,1986,578,6003,19.1,40.7,2024
54060,Irwin,Western Australia,3864,735,411,111,1257,32.5,53.9,2024
54130,Jerramungup,Western Australia,1217,149,48,25,222,18.2,40.9,2024
54170,Joondalup,Western Australia,173469,18751,10396,3279,32426,18.7,41.2,2024
54200,Kalamunda,Western Australia,63827,6232,4290,1670,12192,19.1,40.7,2024
54280,Kalgoorlie-Boulder,Western Australia,30991,1921,841,230,2992,9.7,34.4,2024
54310,Karratha,Western Australia,24716,706,137,28,871,3.5,33.1,2024
54340,Katanning,Western Australia,4294,443,281,77,801,18.7,38.8,2024
54410,Kellerberrin,Western Australia,1159,167,100,47,314,27.1,51.7,2024
54480,Kent,Western Australia,526,46,22,4,72,13.7,40.8,2024
54550,Kojonup,Western Australia,1965,249,166,48,463,23.6,46.1,2024
54620,Kondinin,Western Australia,862,102,62,17,181,21.0,44.5,2024
54690,Koorda,Western Australia,373,62,34,10,106,28.4,52.4,2024
54760,Kulin,Western Australia,800,92,67,15,174,21.8,45.1,2024
54830,Kwinana,Western Australia,54672,3073,1601,511,5185,9.5,33.8,2024
54900,Lake Grace,Western Australia,1319,157,63,32,252,19.1,42.3,2024
54970,Laverton,Western Australia,1444,86,17,5,108,7.5,39.4,2024
55040,Leonora,Western Australia,1737,121,21,3,145,8.3,34.6,2024
55110,Mandurah,Western Australia,102922,13371,9681,3291,26343,25.6,44.8,2024
55180,Manjimup,Western Australia,9523,1287,731,236,2254,23.7,47.9,2024
55250,Meekatharra,Western Australia,1286,87,42,1,130,10.1,35.6,2024
55320,Melville,Western Australia,113404,12154,7868,3594,23616,20.8,41.5,2024
55390,Menzies,Western Australia,577,53,11,2,66,11.4,38.8,2024
55460,Merredin,Western Australia,3335,395,190,93,678,20.3,39.4,2024
55530,Mingenew,Western Australia,421,60,29,13,102,24.2,49.3,2024
55600,Moora,Western Australia,2432,288,169,61,518,21.3,44.9,2024
55670,Morawa,Western Australia,686,121,33,15,169,24.6,42.1,2024
55740,Mosman Park,Western Australia,10281,1011,680,253,1944,18.9,40.5,2024
55810,Mount Magnet,Western Australia,696,77,34,4,115,16.5,43.0,2024
55880,Mount Marshall,Western Australia,466,52,22,11,85,18.2,47.0,2024
55950,Mukinbudin,Western Australia,603,80,46,23,149,24.7,45.6,2024
56090,Mundaring,Western Australia,42327,4840,2956,962,8758,20.7,43.6,2024
56160,Murchison,Western Australia,105,12,0,0,12,11.4,42.5,2024
56230,Murray,Western Australia,20563,2652,1850,569,5071,24.7,45.1,2024
56300,Nannup,Western Australia,1675,338,179,43,560,33.4,54.3,2024
56370,Narembeen,Western Australia,848,105,68,46,219,25.8,42.3,2024
56460,Narrogin,Western Australia,5029,635,347,132,1114,22.2,42.3,2024
56580,Nedlands,Western Australia,25104,2479,1786,708,4973,19.8,39.9,2024
56620,Ngaanyatjarraku,Western Australia,1482,85,24,1,110,7.4,31.8,2024
56730,Northam,Western Australia,12416,1523,856,242,2621,21.1,42.7,2024
56790,Northampton,Western Australia,3382,651,328,104,1083,32.0,54.1,2024
56860,Nungarin,Western Australia,258,48,13,6,67,26.0,50.6,2024
56930,Peppermint Grove,Western Australia,1782,195,130,53,378,21.2,38.9,2024
57000,Perenjori,Western Australia,659,67,30,24,121,18.4,46.0,2024
57080,Perth,Western Australia,34624,2001,1312,414,3727,10.8,32.9,2024
57140,Pingelly,Western Australia,1091,189,105,34,328,30.1,52.3,2024
57210,Plantagenet,Western Australia,5734,893,437,133,1463,25.5,49.5,2024
57280,Port Hedland,Western Australia,17448,591,131,33,755,4.3,33.0,2024
57350,Quairading,Western Australia,967,175,90,34,299,30.9,54.0,2024
57420,Ravensthorpe,Western Australia,2280,267,138,42,447,19.6,42.3,2024
57490,Rockingham,Western Australia,154132,12129,7478,2376,21983,14.3,36.5,2024
57630,Sandstone,Western Australia,115,21,13,2,36,31.3,51.8,2024
57700,Serpentine-Jarrahdale,Western Australia,38631,2442,1251,305,3998,10.3,33.9,2024
57770,Shark Bay,Western Australia,1164,130,80,22,232,19.9,42.5,2024
57840,South Perth,Western Australia,47909,4862,3001,1187,9050,18.9,38.4,2024
57910,Stirling,Western Australia,249872,20964,14298,6618,41880,16.8,37.9,2024
57980,Subiaco,Western Australia,19452,1927,1453,549,3929,20.2,39.4,2024
58050,Swan,Western Australia,179207,12365,6522,2130,21017,11.7,35.2,2024
58190,Tammin,Western Australia,401,42,30,14,86,21.4,46.7,2024
58260,Three Springs,Western Australia,600,64,40,10,114,19.0,41.1,2024
58330,Toodyay,Western Australia,5081,893,431,109,1433,28.2,53.9,2024
58400,Trayning,Western Australia,306,50,28,14,92,30.1,56.0,2024
58470,Upper Gascoyne,Western Australia,201,12,10,2,24,11.9,35.0,2024
58510,Victoria Park,Western Australia,42352,2958,1896,906,5760,13.6,35.0,2024
58540,Victoria Plains,Western Australia,834,96,80,13,189,22.7,46.0,2024
58570,Vincent,Western Australia,41479,2822,1355,601,4778,11.5,35.6,2024
58610,Wagin,Western Australia,1825,294,167,62,523,28.7,49.3,2024
58680,Wandering,Western Australia,547,68,55,11,134,24.5,51.6,2024
58760,Wanneroo,Western Australia,237628,16623,9658,3081,29362,12.4,35.8,2024
58820,Waroona,Western Australia,4537,635,349,125,1109,24.4,48.5,2024
58890,West Arthur,Western Australia,789,128,69,11,208,26.4,50.5,2024
59030,Westonia,Western Australia,246,43,25,7,75,30.5,47.0,2024
59100,Wickepin,Western Australia,710,82,49,16,147,20.7,40.8,2024
59170,Williams,Western Australia,1063,149,68,29,246,23.1,41.9,2024
59250,Wiluna,Western Australia,563,28,19,5,52,9.2,37.6,2024
59310,Wongan-Ballidu,Western Australia,1343,189,93,38,320,23.8,45.6,2024
59320,Woodanilling,Western Australia,490,66,35,14,115,23.5,44.2,2024
59330,Wyalkatchem,Western Australia,492,68,59,14,141,28.7,51.4,2024
59340,Wyndham-East Kimberley,Western Australia,8315,516,154,32,702,8.4,33.7,2024
59350,Yalgoo,Western Australia,353,34,13,8,55,15.6,37.6,2024
59360,Yilgarn,Western Australia,1212,141,54,29,224,18.5,49.0,2024
59370,York,Western Australia,3649,666,456,126,1248,34.2,56.9,2024
60210,Break O`Day,Tasmania,7163,1463,770,198,2431,33.9,56.5,2024
60410,Brighton,Tasmania,20284,1837,962,190,2989,14.7,34.9,2024
60610,Burnie,Tasmania,20417,2182,1333,483,3998,19.6,40.4,2024
60810,Central Coast (Tas.),Tasmania,23350,3298,2114,717,6129,26.2,48.4,2024
61010,Central Highlands (Tas.),Tasmania,2588,481,211,38,730,28.2,52.7,2024
61210,Circular Head,Tasmania,8315,1019,542,184,1745,21.0,42.0,2024
61410,Clarence,Tasmania,63973,7129,4782,1818,13729,21.5,41.1,2024
61510,Derwent Valley,Tasmania,11436,1322,740,208,2270,19.8,42.4,2024
61610,Devonport,Tasmania,27030,3215,2276,767,6258,23.2,43.0,2024
61810,Dorset,Tasmania,7013,1105,572,257,1934,27.6,49.0,2024
62010,Flinders (Tas.),Tasmania,941,191,147,18,356,37.8,58.3,2024
62210,George Town,Tasmania,7378,1127,677,199,2003,27.1,49.4,2024
62410,Glamorgan-Spring Bay,Tasmania,5283,1095,664,187,1946,36.8,58.0,2024
62610,Glenorchy,Tasmania,50743,4735,3037,1286,9058,17.9,37.6,2024
62810,Hobart,Tasmania,55977,5636,3428,1329,10393,18.6,37.9,2024
63010,Huon Valley,Tasmania,19742,2706,1494,423,4623,23.4,46.4,2024
63210,Kentish,Tasmania,6859,988,556,135,1679,24.5,50.0,2024
63410,King Island,Tasmania,1660,223,131,41,395,23.8,44.2,2024
63610,Kingborough,Tasmania,41574,4855,3157,954,8966,21.6,42.5,2024
63810,Latrobe (Tas.),Tasmania,13158,2073,1322,385,3780,28.7,49.8,2024
64010,Launceston,Tasmania,71616,7053,4821,1782,13656,19.1,39.1,2024
64210,Meander Valley,Tasmania,21579,2930,1892,612,5434,25.2,46.7,2024
64610,Northern Midlands,Tasmania,14428,1958,1229,369,3556,24.6,45.8,2024
64810,Sorell,Tasmania,17919,2278,1163,361,3802,21.2,42.5,2024
65010,Southern Midlands,Tasmania,6973,893,441,115,1449,20.8,44.1,2024
65210,Tasman,Tasmania,2722,588,310,63,961,35.3,58.2,2024
65410,Waratah-Wynyard,Tasmania,14905,2085,1400,427,3912,26.2,48.4,2024
65610,West Coast,Tasmania,4339,651,308,74,1033,23.8,48.4,2024
65810,West Tamar,Tasmania,26131,3632,2208,620,6460,24.7,46.1,2024
70200,Alice Springs,Northern Territory,29693,2004,723,238,2965,10.0,34.8,2024
70420,Barkly,Northern Territory,7288,422,121,21,564,7.7,30.4,2024
70540,Belyuen,Northern Territory,167,8,3,0,11,6.6,30.6,2024
70620,Central Desert,Northern Territory,4128,203,65,17,285,6.9,29.5,2024
70700,Coomalie,Northern Territory,1410,249,115,8,372,26.4,51.7,2024
71000,Darwin,Northern Territory,86070,6106,3209,771,10086,11.7,35.1,2024
71150,Darwin Waterfront Precinct,Northern Territory,309,30,7,0,37,12.0,33.0,2024
71300,East Arnhem,Northern Territory,10040,391,69,12,472,4.7,29.4,2024
72200,Katherine,Northern Territory,10857,675,303,61,1039,9.6,33.4,2024
72300,Litchfield,Northern Territory,23940,2193,898,153,3244,13.6,39.5,2024
72330,MacDonnell,Northern Territory,6769,279,81,18,378,5.6,31.6,2024
72800,Palmerston,Northern Territory,41598,1903,773,152,2828,6.8,32.3,2024
73600,Roper Gulf,Northern Territory,7516,378,133,25,536,7.1,30.4,2024
74050,Tiwi Islands,Northern Territory,2744,134,24,6,164,6.0,32.2,2024
74550,Victoria Daly,Northern Territory,3307,180,73,11,264,8.0,28.5,2024
74560,Wagait,Northern Territory,481,80,47,4,131,27.2,52.4,2024
74660,West Arnhem,Northern Territory,7467,247,68,3,318,4.3,30.2,2024
74680,West Daly,Northern Territory,3448,105,23,10,138,4.0,27.6,2024
79399,Unincorporated NT,Northern Territory,7837,507,166,8,681,8.7,36.0,2024
89399,Unincorporated ACT,Australian Capital Territory,473855,35096,22827,7973,65896,13.9,35.7,2024
99399,Unincorp. Other Territories,Other Territories,2504,403,227,83,713,28.5,51.4,2024
